{"gamma_t": [0.05, 0.07708333333333334, 0.10416666666666666, 0.13124999999999998, 0.15833333333333333, 0.18541666666666667, 0.21249999999999997, 0.23958333333333331, 0.26666666666666666, 0.29374999999999996, 0.3208333333333333, 0.34791666666666665, 0.37499999999999994, 0.4020833333333333, 0.42916666666666664, 0.45624999999999993, 0.4833333333333333, 0.5104166666666666, 0.5375, 0.5645833333333333, 0.5916666666666667, 0.61875, 0.6458333333333334, 0.6729166666666666, 0.7], "worm_setup": {"num_samples": 640, "num_worms": 500, "burn_in_const": 5000, "max_worm_const": 5000, "burn_in_steps": 45000, "max_worm_steps": 72000}, "moebius_setup": {"length": 3, "width": 3, "p": 3}, "plaquette_worm_master_seed": [235677, 422351, 119753, 964657, 70344, 361050, 207855, 736311, 609983, 505488, 184577, 84230, 653847, 821538, 707567, 756441, 492887, 768458, 117494, 731304, 782779, 471382, 597939, 715586, 955759], "plaquette_error_master_seed": [718433, 898730, 762051, 262344, 129159, 542335, 333262, 112467, 982091, 128352, 593942, 800888, 753964, 605915, 718149, 605894, 470475, 670122, 585839, 950294, 152519, 494926, 18724, 434996, 520435], "vertex_worm_master_seed": [108140, 902357, 875543, 602205, 870566, 372244, 716205, 962343, 895955, 82739, 331155, 809356, 992971, 546853, 398377, 271131, 844275, 227709, 485940, 768471, 234350, 180213, 382819, 336783, 423600], "vertex_error_master_seed": [109353, 803906, 352716, 492703, 94272, 46160, 207297, 976457, 894945, 401618, 96203, 943208, 355940, 218429, 933482, 275808, 981813, 631564, 957243, 187997, 325845, 63024, 971302, 934584, 417148], "machine_id": "OpenStack Nova\n", "vendor": "OpenStack Foundation\n", "number_of_available_cpus": 128, "number_of_used_cpus": 128, "plaquette_conditional_entropy": [0.00010071706492453814, 0.0031223101541399956, 0.01443694531917572, 0.04452645778656006, 0.09115845710039139, 0.16838718950748444, 0.21460898220539093, 0.28579631447792053, 0.3380725085735321, 0.4304661750793457, 0.5014734268188477, 0.5639289617538452, 0.6038781404495239, 0.6717489361763, 0.7001070976257324, 0.7638487815856934, 0.8024964332580566, 0.8189458847045898, 0.8544508218765259, 0.8643499612808228, 0.8972946405410767, 0.9034588932991028, 0.9281061291694641, 0.9368349313735962, 0.9464031457901001], "vertex_conditional_entropy": [0.009450415149331093, 0.07570508867502213, 0.29317864775657654, 0.6485709547996521, 0.8954214453697205, 0.9829703569412231, 0.9964448809623718, 0.997811496257782, 0.9982624053955078, 0.9982122778892517, 0.9984890222549438, 0.9985109567642212, 0.9986528754234314, 0.9984809756278992, 0.9986324310302734, 0.998569905757904, 0.9985396265983582, 0.9986119270324707, 0.9984375834465027, 0.9985273480415344, 0.9985401034355164, 0.9986274838447571, 0.9986030459403992, 0.9984461069107056, 0.9984411597251892], "coherent_information": [0.9904488325119019, 0.921172559261322, 0.6923843622207642, 0.30690258741378784, 0.01342010498046875, -0.1513575315475464, -0.21105384826660156, -0.2836077809333801, -0.3363349437713623, -0.4286784529685974, -0.4999624490737915, -0.5624399185180664, -0.6025310158729553, -0.6702299118041992, -0.6987395286560059, -0.7624186873435974, -0.8010360598564148, -0.8175578117370605, -0.8528884053230286, -0.8628773093223572, -0.895834743976593, -0.9020863771438599, -0.9267091751098633, -0.9352810382843018, -0.9448443055152893], "computation_time": 3168.368112564087, "time_unit": "sec"}