{"gamma_t": [0.08, 0.10166666666666667, 0.12333333333333334, 0.14500000000000002, 0.16666666666666669, 0.18833333333333335, 0.21000000000000002, 0.2316666666666667, 0.25333333333333335, 0.275, 0.2966666666666667, 0.31833333333333336, 0.34, 0.3616666666666667, 0.38333333333333336, 0.405, 0.4266666666666667, 0.44833333333333336, 0.47000000000000003, 0.4916666666666667, 0.5133333333333333, 0.535, 0.5566666666666666, 0.5783333333333334, 0.6], "worm_setup": {"num_samples": 320, "num_worms": 200, "burn_in_steps": 1000, "max_worm_steps": 2000}, "moebius_setup": {"length": 5, "width": 5, "p": 3}, "plaquette_worm_master_seed": [712452, 364676, 37079, 859042, 825324, 151334, 693311, 653680, 112607, 820040, 290703, 838573, 753639, 170291, 623569, 524806, 727376, 680222, 470046, 394587, 759930, 953288, 757115, 420591, 92077], "plaquette_error_master_seed": [582402, 21906, 651561, 727491, 211484, 213560, 398153, 849948, 814635, 825385, 447034, 907248, 854488, 626307, 172541, 803130, 155838, 151994, 320739, 763323, 217253, 180778, 279372, 318320, 753593], "vertex_worm_master_seed": [837695, 345936, 772192, 359187, 846141, 967417, 493063, 692075, 13915, 410998, 640506, 321629, 978455, 740218, 826262, 288221, 646826, 639711, 534759, 935536, 694375, 526515, 978913, 369198, 902842], "vertex_error_master_seed": [144667, 913003, 96900, 300963, 909599, 1287, 453736, 745388, 442436, 301879, 152589, 65277, 135787, 485420, 984675, 614795, 959460, 779128, 462335, 574765, 467983, 513561, 752154, 499660, 320043], "machine_id": "21CDS0FR00\n", "vendor": "LENOVO\n", "number_of_available_cpus": 16, "number_of_used_cpus": 16, "plaquette_conditional_entropy": [0.0, 0.0, 0.0, 0.0005424683331511915, 0.0, 0.002312598517164588, 0.005917343311011791, 0.03108344040811062, 0.06524084508419037, 0.0961616262793541, 0.13798819482326508, 0.23090863227844238, 0.30301329493522644, 0.4021949768066406, 0.4969910681247711, 0.5608302354812622, 0.6506841778755188, 0.7038516998291016, 0.793369710445404, 0.8370963335037231, 0.8762686848640442, 0.9122304916381836, 0.923422634601593, 0.9389042258262634, 0.9550108909606934], "vertex_conditional_entropy": [0.0, 0.0005169594078324735, 0.001185019500553608, 0.003281207522377372, 0.013150080107152462, 0.04059425741434097, 0.05564353987574577, 0.14544165134429932, 0.2205594778060913, 0.35997703671455383, 0.4327557682991028, 0.5547115802764893, 0.6590750813484192, 0.7311818599700928, 0.7987040281295776, 0.8511066436767578, 0.899688720703125, 0.9235996603965759, 0.9528160095214844, 0.968812882900238, 0.9751188158988953, 0.9853617548942566, 0.9884149432182312, 0.9928712248802185, 0.9937136769294739], "coherent_information": [1.0, 0.999483048915863, 0.9988150000572205, 0.9961763024330139, 0.9868499040603638, 0.9570931196212769, 0.9384390711784363, 0.8234748840332031, 0.7141996622085571, 0.5438613891601562, 0.42925602197647095, 0.21437978744506836, 0.03791159391403198, -0.1333768367767334, -0.29569506645202637, -0.41193687915802, -0.5503728985786438, -0.6274513602256775, -0.7461857199668884, -0.8059092164039612, -0.8513875007629395, -0.8975922465324402, -0.9118375778198242, -0.9317754507064819, -0.9487245678901672], "computation_time": 3801.5692269802094, "time_unit": "sec"}