{"gamma_t": [0.08, 0.10166666666666667, 0.12333333333333334, 0.14500000000000002, 0.16666666666666669, 0.18833333333333335, 0.21000000000000002, 0.2316666666666667, 0.25333333333333335, 0.275, 0.2966666666666667, 0.31833333333333336, 0.34, 0.3616666666666667, 0.38333333333333336, 0.405, 0.4266666666666667, 0.44833333333333336, 0.47000000000000003, 0.4916666666666667, 0.5133333333333333, 0.535, 0.5566666666666666, 0.5783333333333334, 0.6], "worm_setup": {"num_samples": 320, "num_worms": 200, "burn_in_steps": 4000, "max_worm_steps": 7000}, "moebius_setup": {"length": 3, "width": 3, "p": 3}, "plaquette_worm_master_seed": [216068, 449268, 880779, 428663, 758980, 887949, 880749, 320300, 541695, 970473, 30602, 967378, 658728, 156536, 777629, 736342, 908500, 971927, 558088, 890781, 699336, 519178, 964094, 829813, 257515], "plaquette_error_master_seed": [698004, 764529, 770979, 522146, 559210, 865835, 123422, 144328, 413512, 929374, 358772, 389549, 877343, 355268, 507657, 658953, 413558, 60786, 185479, 512817, 523332, 320938, 751996, 312650, 197006], "vertex_worm_master_seed": [791733, 353569, 704948, 754638, 949506, 418241, 476277, 208590, 48781, 755885, 663884, 769876, 872179, 483082, 492475, 318718, 913310, 929434, 699726, 488978, 888291, 360215, 875527, 676909, 650789], "vertex_error_master_seed": [370212, 870470, 908994, 432956, 689570, 336396, 678645, 702372, 813197, 606293, 595395, 549109, 561865, 452197, 866771, 128910, 205728, 265871, 617917, 266064, 495001, 355909, 767202, 448651, 505513], "machine_id": "OpenStack Nova\n", "vendor": "OpenStack Foundation\n", "number_of_available_cpus": 64, "number_of_used_cpus": 64, "plaquette_conditional_entropy": [0.0005376154440455139, 0.003958691842854023, 0.015595157630741596, 0.04014718160033226, 0.06149255111813545, 0.09774073958396912, 0.1524013727903366, 0.23200730979442596, 0.275478720664978, 0.31652289628982544, 0.40985289216041565, 0.4744463562965393, 0.527134120464325, 0.6035471558570862, 0.5986050963401794, 0.6776201725006104, 0.7031760215759277, 0.7494540810585022, 0.7692319750785828, 0.7942094206809998, 0.8187599182128906, 0.840512752532959, 0.8631083369255066, 0.8902257084846497, 0.8974077105522156], "vertex_conditional_entropy": [0.019711105152964592, 0.06068716198205948, 0.1268858015537262, 0.23702891170978546, 0.3762432634830475, 0.5231347680091858, 0.6711477041244507, 0.8009875416755676, 0.8840126395225525, 0.9422971606254578, 0.9767727851867676, 0.9892908334732056, 0.9940469861030579, 0.9962647557258606, 0.996509850025177, 0.9962984323501587, 0.9962321519851685, 0.9964398741722107, 0.9962565302848816, 0.9966384768486023, 0.9962668418884277, 0.9961709976196289, 0.9962139129638672, 0.9963396191596985, 0.9965767860412598], "coherent_information": [0.9797512888908386, 0.9353541135787964, 0.8575190305709839, 0.7228239178657532, 0.5622642040252686, 0.3791244626045227, 0.1764509081840515, -0.032994866371154785, -0.15949136018753052, -0.2588200569152832, -0.38662564754486084, -0.4637371897697449, -0.5211811065673828, -0.5998119115829468, -0.5951149463653564, -0.673918604850769, -0.6994081735610962, -0.7458939552307129, -0.7654885053634644, -0.790847897529602, -0.8150267601013184, -0.8366837501525879, -0.8593222498893738, -0.8865653276443481, -0.8939844965934753], "computation_time": 1186.1234822273254, "time_unit": "sec"}