{"gamma_t": [0.08, 0.6], "worm_setup": {"num_samples": 320, "num_worms": 200, "burn_in_steps": 1000, "max_worm_steps": 2000}, "moebius_setup": {"length": 3, "width": 3, "p": 3}, "plaquette_worm_master_seed": [669921, 487951], "plaquette_error_master_seed": [215695, 224198], "vertex_worm_master_seed": [406366, 700701], "vertex_error_master_seed": [766175, 100586], "machine_id": "21CDS0FR00\n", "vendor": "LENOVO\n", "number_of_available_cpus": 16, "number_of_used_cpus": 16, "plaquette_conditional_entropy": [0.0, 0.8991481065750122], "vertex_conditional_entropy": [0.010967092588543892, 0.996015727519989], "coherent_information": [0.9890329241752625, -0.8951638340950012], "computation_time": 111.1380205154419, "time_unit": "sec"}