{"gamma_t": [0.08, 0.10166666666666667, 0.12333333333333334, 0.14500000000000002, 0.16666666666666669, 0.18833333333333335, 0.21000000000000002, 0.2316666666666667, 0.25333333333333335, 0.275, 0.2966666666666667, 0.31833333333333336, 0.34, 0.3616666666666667, 0.38333333333333336, 0.405, 0.4266666666666667, 0.44833333333333336, 0.47000000000000003, 0.4916666666666667, 0.5133333333333333, 0.535, 0.5566666666666666, 0.5783333333333334, 0.6], "worm_setup": {"num_samples": 320, "num_worms": 200, "burn_in_steps": 4000, "max_worm_steps": 7000}, "moebius_setup": {"length": 11, "width": 11, "p": 3}, "plaquette_worm_master_seed": [278579, 590086, 545214, 29732, 561471, 517864, 344797, 729946, 115048, 168958, 625438, 827777, 48008, 428028, 941107, 361472, 398583, 946952, 899468, 958498, 726292, 146874, 871081, 496083, 681289], "plaquette_error_master_seed": [456891, 18710, 925400, 742976, 964090, 888210, 427906, 906934, 524389, 946717, 179250, 995336, 246781, 698382, 428149, 835187, 422606, 209642, 306426, 848229, 490831, 441239, 645005, 423786, 864282], "vertex_worm_master_seed": [748235, 100701, 523018, 839709, 507839, 526931, 154029, 854556, 740867, 664276, 926388, 318568, 129010, 102295, 730529, 983445, 642553, 518908, 663051, 988647, 636543, 275775, 785773, 643554, 809042], "vertex_error_master_seed": [434642, 462844, 952242, 562721, 894587, 579909, 129273, 57104, 522587, 75763, 503648, 374840, 746311, 198108, 734708, 430460, 219671, 133707, 187933, 753023, 127323, 194667, 518317, 987249, 261712], "machine_id": "OpenStack Nova\n", "vendor": "OpenStack Foundation\n", "number_of_available_cpus": 64, "number_of_used_cpus": 64, "plaquette_conditional_entropy": [0.0, 0.0, 0.0, 0.0, 0.0, 0.0, 0.0, 0.00028295005904510617, 0.0007030628039501607, 0.0052949367091059685, 0.010680521838366985, 0.0502239465713501, 0.08672075718641281, 0.21676743030548096, 0.33874714374542236, 0.4578173756599426, 0.5654992461204529, 0.7437041997909546, 0.8003745079040527, 0.8742265105247498, 0.9325483441352844, 0.9635597467422485, 0.9793066382408142, 0.9879749417304993, 0.9912341237068176], "vertex_conditional_entropy": [0.0, 0.0, 0.0, 0.0, 0.0, 0.0, 0.003593354020267725, 0.0021561686880886555, 0.01278779562562704, 0.04254904016852379, 0.12926934659481049, 0.2582624554634094, 0.4255343973636627, 0.5810241103172302, 0.7161688804626465, 0.8312026858329773, 0.899307906627655, 0.9445322155952454, 0.9672397971153259, 0.9792618751525879, 0.9886631965637207, 0.9936351180076599, 0.994677722454071, 0.9952540397644043, 0.9962778091430664], "coherent_information": [1.0, 1.0, 1.0, 1.0, 1.0, 1.0, 0.9964066743850708, 0.9975608587265015, 0.9865091443061829, 0.9521560668945312, 0.8600501418113708, 0.6915135979652405, 0.48774483799934387, 0.20220845937728882, -0.05491602420806885, -0.2890200614929199, -0.4648071527481079, -0.6882364153862, -0.7676143050193787, -0.8534883856773376, -0.9212115406990051, -0.9571948647499084, -0.9739843606948853, -0.9832289814949036, -0.987511932849884], "computation_time": 8197.212805509567, "time_unit": "sec"}