{"gamma_t": [0.08, 0.09061224489795919, 0.10122448979591837, 0.11183673469387756, 0.12244897959183673, 0.13306122448979593, 0.1436734693877551, 0.1542857142857143, 0.16489795918367348, 0.17551020408163265, 0.18612244897959185, 0.19673469387755105, 0.2073469387755102, 0.2179591836734694, 0.2285714285714286, 0.2391836734693878, 0.24979591836734694, 0.26040816326530614, 0.27102040816326534, 0.2816326530612245, 0.2922448979591837, 0.3028571428571429, 0.3134693877551021, 0.3240816326530612, 0.3346938775510204, 0.3453061224489796, 0.3559183673469388, 0.36653061224489797, 0.37714285714285717, 0.38775510204081637, 0.39836734693877557, 0.4089795918367347, 0.4195918367346939, 0.4302040816326531, 0.44081632653061226, 0.45142857142857146, 0.46204081632653066, 0.47265306122448986, 0.483265306122449, 0.4938775510204082, 0.5044897959183674, 0.5151020408163265, 0.5257142857142857, 0.5363265306122449, 0.5469387755102041, 0.5575510204081633, 0.5681632653061225, 0.5787755102040817, 0.5893877551020408, 0.6], "worm_setup": {"num_samples": 1280, "num_worms": 500, "burn_in_steps": 1000, "max_worm_steps": 3000}, "moebius_setup": {"length": 5, "width": 5, "p": 3}, "plaquette_worm_master_seed": [136500, 580295, 851574, 849951, 530049, 760240, 528665, 136313, 427581, 317649, 310040, 425365, 94845, 139946, 357100, 922368, 541309, 540338, 782702, 57846, 675966, 461797, 342386, 400398, 795529, 790234, 432119, 340839, 470197, 44595, 873279, 823817, 426395, 896776, 404600, 377613, 83438, 384411, 702112, 853346, 751552, 919520, 497128, 328645, 942295, 380509, 780900, 512082, 899520, 453910], "plaquette_error_master_seed": [96868, 998955, 274488, 902103, 204307, 799286, 980625, 917347, 265495, 236607, 873619, 25672, 359991, 933295, 493718, 832622, 480034, 737025, 930993, 85164, 866411, 158906, 509459, 253686, 54116, 831688, 504412, 822253, 545864, 792206, 950667, 945467, 696842, 435985, 354314, 923059, 619246, 153610, 301859, 445208, 120985, 98024, 163925, 350298, 295086, 795089, 948153, 731591, 38844, 77429], "vertex_worm_master_seed": [109099, 565656, 849508, 99508, 969823, 816868, 661872, 339991, 729299, 760278, 853877, 780526, 588546, 212228, 453406, 740064, 220213, 664819, 335108, 638691, 857359, 943177, 55885, 556892, 368409, 195963, 674826, 774215, 86178, 371591, 614142, 451190, 695759, 392729, 481449, 929162, 843637, 351799, 5990, 965017, 760884, 968082, 880625, 310638, 505818, 942267, 530926, 148585, 715177, 313369], "vertex_error_master_seed": [936471, 221352, 946577, 677729, 907359, 343748, 434889, 742004, 58576, 526206, 534907, 39931, 664107, 288044, 598925, 541152, 918352, 425428, 719184, 183052, 350075, 54984, 501646, 579175, 188072, 837327, 162182, 985974, 826101, 270379, 483492, 66139, 605626, 835811, 594014, 855066, 870063, 664537, 970101, 622696, 741868, 538211, 522215, 127371, 855232, 428616, 762403, 327642, 789283, 38481], "machine_id": "OpenStack Nova\n", "vendor": "OpenStack Foundation\n", "number_of_available_cpus": 64, "number_of_used_cpus": 64, "plaquette_conditional_entropy": [0.0, 0.0, 3.737303995876573e-05, 6.499068695120513e-05, 5.019892341806553e-05, 0.00017457127978559583, 0.0008775198948569596, 0.0005638539441861212, 0.00252959574572742, 0.0022456797305494547, 0.004867487587034702, 0.009893191047012806, 0.009754541330039501, 0.01764238439500332, 0.026192089542746544, 0.041130632162094116, 0.05556882545351982, 0.06990381330251694, 0.09253833442926407, 0.12340942770242691, 0.15159077942371368, 0.18528227508068085, 0.22407174110412598, 0.27642279863357544, 0.3074968457221985, 0.35827872157096863, 0.3943936824798584, 0.4416671395301819, 0.4803958833217621, 0.5350791811943054, 0.5900636315345764, 0.6124423146247864, 0.6644105315208435, 0.6922661662101746, 0.7214900255203247, 0.7447933554649353, 0.786791205406189, 0.8117431998252869, 0.8257896304130554, 0.8503850102424622, 0.8661853075027466, 0.8810837864875793, 0.8882004022598267, 0.9145194292068481, 0.9209045767784119, 0.9255622029304504, 0.9375928044319153, 0.9476374983787537, 0.9575546383857727, 0.9589945077896118], "vertex_conditional_entropy": [0.0, 0.0004931651055812836, 0.00015542074106633663, 0.0006321559194475412, 0.0013542135711759329, 0.0044737705029547215, 0.007927232421934605, 0.009060211479663849, 0.016140446066856384, 0.021813983097672462, 0.03377584367990494, 0.06583816558122635, 0.08224641531705856, 0.1207328587770462, 0.1365232914686203, 0.1758715808391571, 0.22412247955799103, 0.2750016152858734, 0.32357487082481384, 0.37667718529701233, 0.44556543231010437, 0.47815996408462524, 0.5388707518577576, 0.5884637236595154, 0.619792103767395, 0.6727346777915955, 0.7135090231895447, 0.7559451460838318, 0.7819269895553589, 0.8277310729026794, 0.8576682209968567, 0.8671702742576599, 0.8882419466972351, 0.9124831557273865, 0.916439950466156, 0.9327917098999023, 0.9460544586181641, 0.9571530222892761, 0.9636110663414001, 0.9685840010643005, 0.9766964912414551, 0.9784770011901855, 0.9841594099998474, 0.9883670806884766, 0.9908222556114197, 0.9915095567703247, 0.9930654764175415, 0.995396077632904, 0.9955407381057739, 0.9961504936218262], "coherent_information": [1.0, 0.9995068311691284, 0.9998071789741516, 0.999302864074707, 0.9985955953598022, 0.9953516721725464, 0.9911952614784241, 0.9903759360313416, 0.9813299179077148, 0.9759403467178345, 0.9613566398620605, 0.9242686629295349, 0.9079990386962891, 0.8616247773170471, 0.8372846245765686, 0.782997727394104, 0.7203087210655212, 0.6550946235656738, 0.5838867425918579, 0.49991336464881897, 0.40284380316734314, 0.3365577459335327, 0.23705750703811646, 0.13511347770690918, 0.0727110505104065, -0.031013429164886475, -0.10790270566940308, -0.19761228561401367, -0.26232290267944336, -0.36281025409698486, -0.4477318525314331, -0.4796125888824463, -0.5526524782180786, -0.604749321937561, -0.6379299759864807, -0.6775850653648376, -0.732845664024353, -0.768896222114563, -0.7894006967544556, -0.8189690113067627, -0.8428817987442017, -0.8595607876777649, -0.8723598122596741, -0.9028865098953247, -0.9117268323898315, -0.9170717597007751, -0.9306582808494568, -0.9430335760116577, -0.9530953764915466, -0.955145001411438], "computation_time": 26872.270345449448, "time_unit": "sec"}