{"gamma_t": [0.08, 0.10166666666666667, 0.12333333333333334, 0.14500000000000002, 0.16666666666666669, 0.18833333333333335, 0.21000000000000002, 0.2316666666666667, 0.25333333333333335, 0.275, 0.2966666666666667, 0.31833333333333336, 0.34, 0.3616666666666667, 0.38333333333333336, 0.405, 0.4266666666666667, 0.44833333333333336, 0.47000000000000003, 0.4916666666666667, 0.5133333333333333, 0.535, 0.5566666666666666, 0.5783333333333334, 0.6], "worm_setup": {"num_samples": 320, "num_worms": 200, "burn_in_steps": 1000, "max_worm_steps": 2000}, "moebius_setup": {"length": 3, "width": 3, "p": 3}, "plaquette_worm_master_seed": [187060, 386948, 58868, 638152, 147808, 975991, 142245, 297695, 236396, 408427, 790913, 171593, 145798, 348884, 998740, 612456, 637312, 424125, 195256, 12499, 336968, 33552, 856216, 20028, 658019], "plaquette_error_master_seed": [316807, 386304, 707933, 281189, 190696, 607340, 321925, 958836, 531095, 778747, 821314, 140161, 648521, 936938, 86558, 277619, 266150, 143662, 396362, 102881, 293687, 480911, 438223, 337314, 557869], "vertex_worm_master_seed": [14240, 36837, 127579, 885913, 126902, 834148, 42131, 635723, 738174, 896490, 56906, 426445, 334117, 853134, 233051, 852412, 405112, 418481, 457074, 331561, 618571, 888502, 748243, 651601, 903223], "vertex_error_master_seed": [181309, 75986, 477946, 242651, 688936, 773440, 711087, 283071, 71347, 543108, 192755, 27842, 440452, 415675, 970859, 243922, 428053, 785346, 28951, 632343, 88981, 836486, 759801, 881735, 383151], "machine_id": "21CDS0FR00\n", "vendor": "LENOVO\n", "number_of_available_cpus": 16, "number_of_used_cpus": 16, "plaquette_conditional_entropy": [0.00038216120447032154, 0.004489832557737827, 0.010517389513552189, 0.01915857009589672, 0.04455755278468132, 0.07114873081445694, 0.1086306944489479, 0.1639036387205124, 0.21088910102844238, 0.2607780694961548, 0.3282492756843567, 0.41491052508354187, 0.4741927683353424, 0.5493599772453308, 0.6128994822502136, 0.6837818026542664, 0.6891548037528992, 0.7467318773269653, 0.7782626152038574, 0.8021103143692017, 0.8247941136360168, 0.8459963202476501, 0.8716610074043274, 0.8918310403823853, 0.8944801688194275], "vertex_conditional_entropy": [0.007480968721210957, 0.027911493554711342, 0.061706166714429855, 0.13608211278915405, 0.2120925635099411, 0.2974679172039032, 0.37031814455986023, 0.5002593398094177, 0.607168436050415, 0.6844595074653625, 0.7752034068107605, 0.8610221743583679, 0.9034907221794128, 0.9356871843338013, 0.9669705629348755, 0.9829459190368652, 0.9883069396018982, 0.9928482174873352, 0.9943338632583618, 0.9957168698310852, 0.996200680732727, 0.9966384768486023, 0.9963940978050232, 0.9960238337516785, 0.9970798492431641], "coherent_information": [0.9921368360519409, 0.9675986766815186, 0.9277763962745667, 0.8447593450546265, 0.7433498501777649, 0.6313832998275757, 0.5210511684417725, 0.3358370065689087, 0.18194246292114258, 0.054762423038482666, -0.10345268249511719, -0.2759327292442322, -0.37768346071243286, -0.4850471615791321, -0.5798700451850891, -0.6667277216911316, -0.6774617433547974, -0.7395800948143005, -0.7725964784622192, -0.7978271842002869, -0.8209947943687439, -0.8426347970962524, -0.8680551052093506, -0.8878548741340637, -0.8915600180625916], "computation_time": 1458.3585097789764, "time_unit": "sec"}