{"gamma_t": [0.05, 0.07708333333333334, 0.10416666666666666, 0.13124999999999998, 0.15833333333333333, 0.18541666666666667, 0.21249999999999997, 0.23958333333333331, 0.26666666666666666, 0.29374999999999996, 0.3208333333333333, 0.34791666666666665, 0.37499999999999994, 0.4020833333333333, 0.42916666666666664, 0.45624999999999993, 0.4833333333333333, 0.5104166666666666, 0.5375, 0.5645833333333333, 0.5916666666666667, 0.61875, 0.6458333333333334, 0.6729166666666666, 0.7], "worm_setup": {"num_samples": 512, "num_worms": 500, "burn_in_const": 5000, "max_worm_const": 5000, "burn_in_steps": 125000, "max_worm_steps": 200000}, "moebius_setup": {"length": 5, "width": 5, "p": 3}, "plaquette_worm_master_seed": [735217, 411320, 740226, 577872, 240506, 726501, 268207, 539189, 194978, 548973, 910332, 458590, 979653, 87727, 600959, 296775, 310696, 401753, 557179, 103435, 836501, 340709, 15280, 526662, 403167], "plaquette_error_master_seed": [426315, 238198, 538307, 710774, 790610, 154430, 185219, 388222, 113229, 247521, 117149, 660053, 271041, 722346, 107414, 208986, 502188, 594674, 420044, 262156, 529798, 942067, 732395, 767104, 613059], "vertex_worm_master_seed": [624688, 334383, 803770, 384850, 79897, 370719, 978961, 223583, 162240, 642651, 239710, 286391, 614101, 594807, 306732, 582132, 35517, 895044, 622867, 569653, 38456, 797786, 635902, 490900, 581716], "vertex_error_master_seed": [550940, 469908, 316662, 665150, 989769, 546042, 413420, 624217, 763316, 744543, 885650, 689956, 767502, 570818, 674398, 27803, 250276, 851858, 100028, 907228, 299984, 778481, 92118, 739493, 125251], "machine_id": "OpenStack Nova\n", "vendor": "OpenStack Foundation\n", "number_of_available_cpus": 128, "number_of_used_cpus": 128, "plaquette_conditional_entropy": [2.665727727446665e-08, -1.0052021934825461e-06, 0.001185630913823843, 0.01124231144785881, 0.0455777682363987, 0.12425997853279114, 0.2217240035533905, 0.313313364982605, 0.4393255114555359, 0.5451704263687134, 0.6071484088897705, 0.6901597380638123, 0.7462983727455139, 0.8038190007209778, 0.8366692066192627, 0.8706120252609253, 0.8978516459465027, 0.914582371711731, 0.936191201210022, 0.9529324769973755, 0.9635366201400757, 0.9740670919418335, 0.9792397022247314, 0.9836108088493347, 0.9869413375854492], "vertex_conditional_entropy": [0.00017282445332966745, 0.001776540419086814, 0.01915794238448143, 0.1527327597141266, 0.4466749131679535, 0.7729013562202454, 0.9380122423171997, 0.9899035096168518, 0.9978997707366943, 0.9984537959098816, 0.9985368251800537, 0.9985088109970093, 0.9985166192054749, 0.9985889196395874, 0.9985882043838501, 0.9985135793685913, 0.9984921216964722, 0.9985289573669434, 0.9985737800598145, 0.9985570311546326, 0.9986844062805176, 0.9985937476158142, 0.9985604286193848, 0.9986211061477661, 0.998447060585022], "coherent_information": [0.9998271465301514, 0.9982244372367859, 0.9796563982963562, 0.8360248804092407, 0.5077472925186157, 0.10283869504928589, -0.1597362756729126, -0.3032168745994568, -0.4372252821922302, -0.543624222278595, -0.6056852340698242, -0.6886685490608215, -0.7448149919509888, -0.8024079203605652, -0.8352574110031128, -0.8691256046295166, -0.8963437676429749, -0.9131113290786743, -0.9347649812698364, -0.9514895081520081, -0.9622210264205933, -0.9726608395576477, -0.9778001308441162, -0.9822319149971008, -0.9853883981704712], "computation_time": 20146.344066619873, "time_unit": "sec"}