{"gamma_t": [0.08, 0.09061224489795919, 0.10122448979591837, 0.11183673469387756, 0.12244897959183673, 0.13306122448979593, 0.1436734693877551, 0.1542857142857143, 0.16489795918367348, 0.17551020408163265, 0.18612244897959185, 0.19673469387755105, 0.2073469387755102, 0.2179591836734694, 0.2285714285714286, 0.2391836734693878, 0.24979591836734694, 0.26040816326530614, 0.27102040816326534, 0.2816326530612245, 0.2922448979591837, 0.3028571428571429, 0.3134693877551021, 0.3240816326530612, 0.3346938775510204, 0.3453061224489796, 0.3559183673469388, 0.36653061224489797, 0.37714285714285717, 0.38775510204081637, 0.39836734693877557, 0.4089795918367347, 0.4195918367346939, 0.4302040816326531, 0.44081632653061226, 0.45142857142857146, 0.46204081632653066, 0.47265306122448986, 0.483265306122449, 0.4938775510204082, 0.5044897959183674, 0.5151020408163265, 0.5257142857142857, 0.5363265306122449, 0.5469387755102041, 0.5575510204081633, 0.5681632653061225, 0.5787755102040817, 0.5893877551020408, 0.6], "worm_setup": {"num_samples": 1280, "num_worms": 500, "burn_in_steps": 1000, "max_worm_steps": 3000}, "moebius_setup": {"length": 3, "width": 3, "p": 3}, "plaquette_worm_master_seed": [562714, 510097, 520828, 270117, 155700, 836106, 603293, 958005, 292056, 611120, 253933, 16335, 643253, 399805, 550430, 300369, 679014, 51173, 543614, 748879, 659439, 877430, 42006, 454569, 586192, 699492, 320537, 899781, 815495, 473638, 498597, 892166, 827068, 75008, 191196, 750645, 89374, 696743, 777991, 858299, 650335, 362046, 109452, 729324, 367114, 267106, 373108, 78750, 458973, 857459], "plaquette_error_master_seed": [701793, 209054, 463371, 916649, 23951, 279652, 171718, 888860, 519319, 228213, 546669, 480084, 322885, 700813, 297385, 193414, 152898, 827561, 705158, 913339, 792690, 979185, 761132, 774692, 63291, 586442, 264851, 3342, 804428, 673574, 349154, 524757, 685820, 670427, 339031, 301194, 666356, 960141, 744731, 63828, 195440, 791685, 396773, 868607, 995582, 699641, 29674, 80450, 805643, 562385], "vertex_worm_master_seed": [255972, 93381, 464472, 285969, 865770, 374817, 267767, 594805, 308322, 799307, 227486, 195012, 797128, 532868, 804498, 81654, 904727, 218056, 733500, 435217, 709919, 86539, 17412, 51556, 136407, 375735, 393899, 229588, 382903, 313839, 622239, 886271, 718307, 650473, 624706, 928925, 163639, 415126, 387556, 21617, 510592, 657864, 27756, 66656, 934961, 752269, 935678, 174225, 822835, 227990], "vertex_error_master_seed": [881879, 863939, 244186, 252320, 197735, 112305, 301233, 198608, 43532, 921438, 23395, 636020, 481491, 998712, 184978, 84619, 966330, 140072, 897456, 73366, 949478, 834193, 164853, 239802, 181168, 289900, 116270, 490399, 269376, 694886, 723063, 786481, 227977, 319963, 163500, 703770, 400163, 979917, 934264, 836347, 746552, 916449, 108046, 525252, 871607, 107320, 91327, 730593, 498121, 168191], "machine_id": "OpenStack Nova\n", "vendor": "OpenStack Foundation\n", "number_of_available_cpus": 64, "number_of_used_cpus": 64, "plaquette_conditional_entropy": [0.000701734097674489, 0.0014179673744365573, 0.004156865645200014, 0.006196431815624237, 0.008902844041585922, 0.015349820256233215, 0.020120223984122276, 0.026262754574418068, 0.04203309863805771, 0.050219226628541946, 0.0727170929312706, 0.08419056981801987, 0.10410161316394806, 0.12332530319690704, 0.15807758271694183, 0.1805872768163681, 0.2061893194913864, 0.22803162038326263, 0.2640281319618225, 0.30216529965400696, 0.3372792601585388, 0.37659817934036255, 0.40633058547973633, 0.4439867436885834, 0.4598168432712555, 0.4957505762577057, 0.5319570899009705, 0.5591406226158142, 0.5897766947746277, 0.6077796816825867, 0.6449599266052246, 0.6702145934104919, 0.6725096106529236, 0.6931793689727783, 0.7302240133285522, 0.7324403524398804, 0.7635708451271057, 0.775840699672699, 0.7854529023170471, 0.8043519854545593, 0.8194524049758911, 0.8261826634407043, 0.8321447372436523, 0.8559638261795044, 0.85673588514328, 0.869899570941925, 0.8855593800544739, 0.891091525554657, 0.8969039916992188, 0.9030974507331848], "vertex_conditional_entropy": [0.011348224245011806, 0.02040100283920765, 0.029104938730597496, 0.04960542544722557, 0.069499671459198, 0.08899156749248505, 0.12164318561553955, 0.14935697615146637, 0.2024470418691635, 0.24235716462135315, 0.2971193194389343, 0.32487761974334717, 0.3794984221458435, 0.4205106198787689, 0.48558130860328674, 0.5388317108154297, 0.6006180047988892, 0.6303755640983582, 0.6900591254234314, 0.7365404963493347, 0.7761572599411011, 0.810212254524231, 0.8466423153877258, 0.8768624663352966, 0.887433648109436, 0.9151074290275574, 0.936841607093811, 0.951934814453125, 0.9628915786743164, 0.9697139859199524, 0.9771928787231445, 0.9835512042045593, 0.9877737164497375, 0.9909769296646118, 0.9936966896057129, 0.9946991205215454, 0.9966440200805664, 0.9969674348831177, 0.9975895285606384, 0.9978076815605164, 0.9981714487075806, 0.9981846809387207, 0.9983871579170227, 0.9985475540161133, 0.9985587000846863, 0.9984881281852722, 0.9985769391059875, 0.9985975623130798, 0.9985335469245911, 0.9985411763191223], "coherent_information": [0.9879500269889832, 0.978181004524231, 0.9667381644248962, 0.9441981315612793, 0.9215974807739258, 0.8956586122512817, 0.8582366108894348, 0.8243802785873413, 0.7555198669433594, 0.7074235677719116, 0.6301636099815369, 0.5909318327903748, 0.5163999795913696, 0.45616409182548523, 0.35634109377861023, 0.280580997467041, 0.19319266080856323, 0.14159280061721802, 0.045912742614746094, -0.03870576620101929, -0.11343652009963989, -0.1868104338645935, -0.25297290086746216, -0.3208492398262024, -0.34725046157836914, -0.4108579754829407, -0.4687986969947815, -0.5110754370689392, -0.5526682734489441, -0.5774936676025391, -0.6221528053283691, -0.6537657976150513, -0.6602833271026611, -0.6841562986373901, -0.7239207029342651, -0.7271394729614258, -0.7602148652076721, -0.7728081345558167, -0.7830424308776855, -0.8021596670150757, -0.8176238536834717, -0.824367344379425, -0.830531895160675, -0.8545113801956177, -0.8552945852279663, -0.8683876991271973, -0.8841363191604614, -0.8896890878677368, -0.8954375386238098, -0.9016386270523071], "computation_time": 8662.718288183212, "time_unit": "sec"}