{"gamma_t": [0.08, 0.10166666666666667, 0.12333333333333334, 0.14500000000000002, 0.16666666666666669, 0.18833333333333335, 0.21000000000000002, 0.2316666666666667, 0.25333333333333335, 0.275, 0.2966666666666667, 0.31833333333333336, 0.34, 0.3616666666666667, 0.38333333333333336, 0.405, 0.4266666666666667, 0.44833333333333336, 0.47000000000000003, 0.4916666666666667, 0.5133333333333333, 0.535, 0.5566666666666666, 0.5783333333333334, 0.6], "worm_setup": {"num_samples": 320, "num_worms": 200, "burn_in_steps": 2000, "max_worm_steps": 5000}, "moebius_setup": {"length": 7, "width": 7, "p": 3}, "plaquette_worm_master_seed": [373658, 17848, 709685, 96158, 155225, 243800, 707439, 682161, 556097, 932743, 928596, 60014, 471288, 791067, 663046, 225519, 47455, 777827, 356088, 254421, 899020, 733082, 685409, 303944, 402056], "plaquette_error_master_seed": [727676, 388596, 965825, 377625, 279586, 233484, 295138, 876458, 655105, 225117, 349182, 913423, 973071, 706267, 269630, 287896, 803275, 555143, 161987, 617, 152854, 902967, 694992, 562638, 549949], "vertex_worm_master_seed": [927264, 697609, 64955, 662668, 875754, 466034, 653820, 54131, 295433, 868091, 260739, 417454, 858414, 493419, 457723, 388747, 534590, 172924, 924657, 560182, 420188, 814611, 619215, 962207, 246039], "vertex_error_master_seed": [467531, 301426, 796907, 357785, 832887, 657554, 381228, 16630, 716694, 26230, 274164, 333867, 445263, 620074, 303719, 410521, 651365, 482088, 990951, 38007, 787768, 208275, 630373, 740751, 215053], "machine_id": "OpenStack Nova\n", "vendor": "OpenStack Foundation\n", "number_of_available_cpus": 64, "number_of_used_cpus": 64, "plaquette_conditional_entropy": [0.0, 0.0, 0.0, 0.0, 0.0, 0.00015874605742283165, 0.0004898005863651633, 0.009735332801938057, 0.022898031398653984, 0.04860246181488037, 0.0975811630487442, 0.17016509175300598, 0.24351537227630615, 0.3830617666244507, 0.4740055203437805, 0.6004235148429871, 0.7321090698242188, 0.7569349408149719, 0.844964325428009, 0.8955205082893372, 0.9205824136734009, 0.9402925372123718, 0.9625394940376282, 0.9705305099487305, 0.9803256988525391], "vertex_conditional_entropy": [0.0, 0.0, 0.0, 0.0, 0.0007895444869063795, 0.004320373293012381, 0.02154242806136608, 0.06179137900471687, 0.12015189975500107, 0.23687629401683807, 0.33375129103660583, 0.48583561182022095, 0.5661293864250183, 0.7317482233047485, 0.783444881439209, 0.8465630412101746, 0.9217970967292786, 0.935754120349884, 0.9558253288269043, 0.971476674079895, 0.9846598505973816, 0.9889203310012817, 0.9916610717773438, 0.9936314821243286, 0.9949919581413269], "coherent_information": [1.0, 1.0, 1.0, 1.0, 0.9992104768753052, 0.9955208897590637, 0.9779677987098694, 0.9284732937812805, 0.8569501042366028, 0.7145212292671204, 0.5686675310134888, 0.34399932622909546, 0.19035524129867554, -0.11480998992919922, -0.2574504017829895, -0.4469865560531616, -0.6539061665534973, -0.692689061164856, -0.8007896542549133, -0.8669971823692322, -0.9052422642707825, -0.9292128682136536, -0.9542005658149719, -0.9641619920730591, -0.975317656993866], "computation_time": 2374.837526321411, "time_unit": "sec"}