{"gamma_t": [0.08, 0.10166666666666667, 0.12333333333333334, 0.14500000000000002, 0.16666666666666669, 0.18833333333333335, 0.21000000000000002, 0.2316666666666667, 0.25333333333333335, 0.275, 0.2966666666666667, 0.31833333333333336, 0.34, 0.3616666666666667, 0.38333333333333336, 0.405, 0.4266666666666667, 0.44833333333333336, 0.47000000000000003, 0.4916666666666667, 0.5133333333333333, 0.535, 0.5566666666666666, 0.5783333333333334, 0.6], "worm_setup": {"num_samples": 320, "num_worms": 200, "burn_in_steps": 4000, "max_worm_steps": 7000}, "moebius_setup": {"length": 9, "width": 9, "p": 3}, "plaquette_worm_master_seed": [286255, 203412, 493667, 763742, 507839, 348425, 650651, 322583, 787233, 928403, 906893, 978122, 134360, 115988, 329721, 873833, 463649, 792722, 682259, 382633, 90398, 339524, 566070, 540064, 68616], "plaquette_error_master_seed": [564330, 304860, 89920, 22247, 35205, 647734, 926198, 959095, 814791, 272262, 326117, 779225, 407608, 538421, 825009, 885188, 682366, 905407, 584039, 502744, 365350, 248638, 140408, 562040, 551363], "vertex_worm_master_seed": [967423, 470845, 859313, 961124, 797876, 819490, 724287, 779090, 180573, 727536, 47709, 31968, 229450, 534887, 752041, 470767, 821714, 789651, 502544, 345437, 107817, 299814, 106957, 445375, 107150], "vertex_error_master_seed": [977154, 738117, 880319, 77233, 233827, 781432, 746078, 599906, 876846, 770266, 240641, 862921, 781137, 405396, 591076, 454860, 800170, 936649, 507926, 424453, 126282, 836859, 985100, 504177, 241062], "machine_id": "OpenStack Nova\n", "vendor": "OpenStack Foundation\n", "number_of_available_cpus": 64, "number_of_used_cpus": 64, "plaquette_conditional_entropy": [0.0, 0.0, 0.0, 0.0, 0.0, 0.0, 0.0009062064928002656, 0.00021878765255678445, 0.007448610849678516, 0.024311143904924393, 0.04715424403548241, 0.10792038589715958, 0.22554700076580048, 0.300529420375824, 0.4729885756969452, 0.5805304050445557, 0.7136906385421753, 0.7786141633987427, 0.8691410422325134, 0.9074727892875671, 0.9514997601509094, 0.9660164713859558, 0.9812790751457214, 0.9884816408157349, 0.9905476570129395], "vertex_conditional_entropy": [0.0, 0.0, 0.0, 0.0, 0.0, 0.0007758044521324337, 0.005518745630979538, 0.01782233826816082, 0.07483131438493729, 0.17609231173992157, 0.2868540585041046, 0.4249391555786133, 0.568467915058136, 0.6838937997817993, 0.800619900226593, 0.8641992807388306, 0.9261695742607117, 0.9524855017662048, 0.970230758190155, 0.9818790555000305, 0.9900850653648376, 0.9939703345298767, 0.9952067732810974, 0.9952719807624817, 0.996317982673645], "coherent_information": [1.0, 1.0, 1.0, 1.0, 1.0, 0.9992241859436035, 0.9935750365257263, 0.9819588661193848, 0.9177200794219971, 0.7995965480804443, 0.6659916639328003, 0.46714043617248535, 0.20598506927490234, 0.015576779842376709, -0.2736085057258606, -0.44472968578338623, -0.639860212802887, -0.7310996651649475, -0.8393718004226685, -0.8893518447875977, -0.9415848255157471, -0.9599868059158325, -0.9764858484268188, -0.9837536215782166, -0.9868656396865845], "computation_time": 3757.401082277298, "time_unit": "sec"}